USE ComputerStore;
 
INSERT INTO Supplier (supplierID, name)
VALUES
('SPL0000000001', 'MSI'),
('SPL0000000002', 'ASUS'),
('SPL0000000003', 'DELL'),
('SPL0000000005', 'ACER'),
('SPL0000000004', 'HP'),
('SPL0000000006', 'LENOVO'),
('SPL0000000007', 'GIGABYTE'),
('SPL0000000008', 'APPLE'),
('SPL0753897212', 'NVIDIA');

INSERT INTO Product (productID, name, quantity, price, unit, pin, model, nameScreen)
VALUES
('PD0000000006', 'HP Gaming Victus 15', 90, 2000, 'cai', '3000mAh', 'Gaming', null),
('PD0000000007', 'HP Pavilion X360', 95, 2400, 'cai', '2500mAh', 'Van Phong', null),
('PD0000000008', 'PC GVN Homework i7', 90, 2500, 'bo', null, null, 'HP'),
('PD0000000009', 'HP ZBook Firefly', 89, 2000, 'cai', '2000mAh', 'Van Phong', null),
('PD0000000010', 'Acer Nitro 5', 200, 2700, 'cai', '3000mAh', 'Gaming', null),
('PD0000000011', 'Acer Predator Helios', 152, 3000, 'cai', '3500mAh', 'Gaming', null),
('PD0000000012', 'Acer Aspire', 300, 2400, 'cai', '2500mAh', 'Gaming', null),
('PD0000000013', 'PC Experon', 200, 2500, 'bo', null, null, 'Acer'),
('PD0000000014', 'Lenovo Thinkpad P14S G2', 149, 3000, 'cai', '3400mAh', 'Van Phong', null),
('PD0000000015', 'Lenovo Yoga Slim', 181, 2100, 'cai', '2500mAh', 'Van phong', null),
('PD0000000016', 'Lenovo Ideapad Gaming 3', 151, 2000, 'cai', '3000mAh', 'Gaming', null),
('PD0000000017', 'PC Leren 7', 114, 3000, 'Bo', null, null, 'Lenovo'),
('PD0000000018', 'Gigabyte MF', 280, 2990, 'cai', '2500mAh', 'Gaming', null),
('PD0000000019', 'Gigabyte G5', 152, 2000, 'cai', '3000mAh', 'Gaming', null),
('PD0000000020', 'Gigabyte G5 KF', 110, 2400, 'cai', '3500mAh', 'Gaming', null),
('PD0000000021', 'Gigabyte G5 GE', 122, 2100, 'cai', '2400mAh', 'Gaming', null),
('PD0000000022', 'MacBook Air M1', 138, 2300, 'cai', '2000mAh', 'Van Phong', null),
('PD0000000023', 'MacBook Air M2', 493, 2700, 'cai', '2500mAh', 'Van Phong', null),
('PD0000000024', 'MacBook Air 15 M2', 64, 3000, 'cai', '2600mAh', 'Van Phong', null),
('PD0000000025', 'Apple MacBook Air M2', 315, 5200, 'cai', '2900mAh', 'Van Phong', null),
('PD6093130309', 'GeForce RTX 4090', 100, 3315, 'cai', null, null, null);

INSERT INTO customer (customerID, firstName, lastName, address, phone)
VALUES
('CTM0000000001', 'Nguyen Hoang', 'Hai', 'Sai Gon', '0234567890'),
('CTM0000000002', 'Bui Thi Khanh', 'Ha', 'Sai Gon', '0234567890'),
('CTM0000000003', 'Tran Khanh', 'An', 'Ha Noi', '0234567890'),
('CTM0000000004', 'Bui Thanh', 'Xuan', 'Sai Gon', '0649406494'),
('CTM0000000005', 'Quach Gia', 'Bao', 'Sai Gon', '0349672684'),
('CTM0000000006', 'Nguyen Thanh', 'Van', 'Da Nang', '0246873950'),
('CTM0000000007', 'Nguyen Van', 'Vu', 'An Giang', '0462873925'),
('CTM0000000008', 'Phan Hung', 'Dung', 'Ha Tinh', '0254697835'),
('CTM0000000009', 'Nguyen', 'Hung', 'Hue', '0034573872'),
('CTM0000000011', 'Dinh', 'Vinh', 'Ha Noi', '0280502902'),
('CTM0000000049', 'Nguyen Hoang', 'Hai', 'Sai Gon', '0782748863'),
('CTM1967141138', 'Nguyen Xuan', 'Thanh', 'Buon Ma Thuot', '0778387373');

INSERT INTO employee (employeeID, firstName, lastName, DOB, KPI, salary)
VALUES
('EM0000000001', 'Nguyen', 'An', '12/01/1999', 4, 3000),
('EM0000000002', 'Tran', 'Khanh', '22/11/1998', 3, 3000),
('EM0000000003', 'Tran Hung', 'Dao', '12/05/2000', 2, 3000),
('EM0000000004', 'Nguyen Khanh', 'Duy', '23/01/2000', 2, 3000),
('EM0000000005', 'Tran Nguyen Thai', 'An', '13/03/1999', 4, 3000);

INSERT INTO bill (billID, employeeID, customerID, purchaseDate, totalCost)
VALUES
('BL0000000005', 'EM0000000005', 'CTM0000000005', '24/01/2022', 20000),
('BL0000000021', 'EM0000000001', 'CTM0000000001', '12/01/2024', 62100),
('BL0000000064', 'EM0000000005', 'CTM0000000049', '14/01/2024', 6900),
('BL0000000717', 'EM0000000002', 'CTM0000000049', '23/01/2024', 3900),
('BL0000000898', 'EM0000000001', 'CTM0000000049', '23/01/2024', 3900),
('BL0000000939', 'EM0000000004', 'CTM0000000049', '23/01/2024', 3900),
('BL0000000349', 'EM0000000003', 'CTM0000000049', '23/01/2024', 3900),
('BL0000000991', 'EM0000000005', 'CTM0000000049', '23/01/2024', 3000),
('BL0000000548', 'EM0000000002', 'CTM0000000049', '23/01/2024', 12000),
('BL3734036003', 'EM0000000005', 'CTM0000000001', '24/01/2024', 10500),
('BL3958095271', 'EM0000000001', 'CTM0000000001', '24/01/2024', 3000);

INSERT INTO billdetail (billID, productID, warrantyID, quantity, price, cost)
VALUES
('BL0000000005', 'PD0000000006', 'WRT0000000006', 10, 2000, 20000),
('BL0000000021', 'PD0000000025', 'WRT0000000031', 9, 3900, 35100),
('BL0000000021', 'PD0000000024', 'WRT0000000032', 9, 3000, 27000),
('BL0000000064', 'PD0000000024', 'WRT0000000116', 1, 3000, 3000),
('BL0000000064', 'PD0000000025', 'WRT0000000324', 1, 3900, 3900),
('BL0000000717', 'PD0000000025', 'WRT0000000340', 1, 3900, 3900),
('BL0000000898', 'PD0000000025', 'WRT0000000304', 1, 3900, 3900),
('BL0000000939', 'PD0000000025', 'WRT0000000474', 1, 3900, 3900),
('BL0000000349', 'PD0000000025', 'WRT0000000051', 1, 3900, 3900),
('BL0000000991', 'PD0000000024', 'WRT0000000468', 1, 3000, 3000),
('BL0000000548', 'PD0000000024', 'WRT0000000045', 4, 3000, 12000),
('BL3734036003', 'PD0000000018', 'WRT5293874438', 5, 2100, 10500),
('BL3958095271', 'PD0000000014', 'WRT6398875959', 1, 3000, 3000);

INSERT INTO import (importID, employeeID, supplierID, purchaseDate, totalCost)
VALUE
('IP0000000001', 'EM0000000001', 'SPL0000000001', '12/01/2020', 100000),
('IP0000000002', 'EM0000000001', 'SPL0000000001', '13/01/2020', 75000),
('IP0000000003', 'EM0000000003', 'SPL0000000003', '24/10/2020', 33600),
('IP0000000004', 'EM0000000001', 'SPL0000000001', '13/02/2021', 195000),
('IP0000000005', 'EM0000000001', 'SPL0000000001', '13/02/2021', 195000),
('IP0000000006', 'EM0000000001', 'SPL0000000001', '12/11/2021', 1000),
('IP0000000007', 'EM0000000001', 'SPL0000000001', '12/12/2021', 195000),
('IP0000000009', 'EM0000000001', 'SPL0000000001', '12/12/2021', 355000),
('IP0000000010', 'EM0000000002', 'SPL0000000002', '23/12/2021', 45000),
('IP0000000011', 'EM0000000003', 'SPL0000000003', '03/01/2022', 260000),
('IP0000000008', 'EM0000000002', 'SPL0000000003', '12/02/2022', 312500),
('IP0000000013', 'EM0000000003', 'SPL0000000004', '15/07/2022', 438000),
('IP0000000016', 'EM0000000005', 'SPL0000000006', '21/01/2023', 645000),
('IP0000000017', 'EM0000000001', 'SPL0000000006', '25/07/2023', 599000),
('IP0000000019', 'EM0000000002', 'SPL0000000007', '01/11/2023', 492000),
('IP0000000020', 'EM0000000003', 'SPL0000000004', '09/11/2023', 150000),
('IP0000000021', 'EM0000000005', 'SPL0000000005', '09/12/2023', 2759000),
('IP0000000022', 'EM0000000001', 'SPL0000000001', '13/12/2023', 350000),
('IP5060444063', 'EM0000000005', 'SPL0000000006', '24/01/2024', 400000),
('IP7870038555', 'EM0000000005', 'SPL0000000006', '24/01/2024', 400000),
('IP6526697043', 'EM0000000005', 'SPL0000000006', '24/01/2024', 400000),
('IP5063808284', 'EM0000000001', 'SPL0000000008', '24/01/2024', 230000),
('IP0885045164', 'EM0000000001', 'SPL0753897212', '29/01/2024', 125000),
('IP4565156028', 'EM0000000001', 'SPL0753897212', '29/01/2024', 127500);

INSERT INTO importdetail(importID, productID, quantity, price, cost)
VALUES
('IP0000000001', 'PD0000000001', 100, 1000, 100000),
('IP0000000002', 'PD0000000002', 50, 1500, 75000),
('IP0000000003', 'PD0000000003', 240, 1400, 33600),
('IP0000000004', 'PD0000000002', 130, 1500, 195000),
('IP0000000006', 'PD0000000001', 1, 1000, 1000),
('IP0000000007', 'PD0000000003', 130, 1500, 195000),
('IP0000000009', 'PD0000000001', 50, 1500, 75000),
('IP0000000009', 'PD0000000004', 140, 2000, 280000),
('IP0000000010', 'PD0000000002', 30, 1500, 45000),
('IP0000000011', 'PD0000000001', 40, 1500, 60000),
('IP0000000011', 'PD0000000002', 100, 2000, 200000),
('IP0000000008', 'PD0000000005', 150, 1500, 225000),
('IP0000000008', 'PD0000000005', 50, 1750, 87500),
('IP0000000013', 'PD0000000008', 100, 2000, 200000),
('IP0000000013', 'PD0000000009', 140, 1700, 238000),
('IP0000000016', 'PD0000000014', 150, 2500, 375000),
('IP0000000016', 'PD0000000015', 180, 1500, 270000),
('IP0000000017', 'PD0000000016', 160, 1400, 224000),
('IP0000000017', 'PD0000000017', 150, 2500, 375000),
('IP0000000019', 'PD0000000020', 150, 2000, 300000),
('IP0000000019', 'PD0000000021', 120, 1600, 192000),
('IP0000000020', 'PD0000000022', 300, 1800, 540000),
('IP0000000020', 'PD0000000023', 240, 2300, 552000),
('IP0000000021', 'PD0000000024', 130, 2500, 325000),
('IP0000000021', 'PD0000000025', 60, 3500, 210000),
('IP0000000022', 'PD0000000025', 100, 3500, 350000),
('IP5060444063', 'PD0000000025', 100, 4000, 400000),
('IP7870038555', 'PD0000000025', 100, 4000, 400000),
('IP6526697043', 'PD0000000025', 100, 4000, 400000),
('IP5063808284', 'PD0000000018', 100, 2300, 230000),
('IP0885045164', 'PD6093130309', 50, 2500, 125000),
('IP4565156028', 'PD6093130309', 50, 2550, 127500);

INSERT INTO productdetail (productID, supplierID, RAM, CPU, ROM, VGA, OS, yearProduce)
VALUES
('PD0000000006', 'SPL0000000004', '16GB(2x8GB) DDR4', '512GB SSD', '4.4GHz', '1238MHz', 'Windows 11', 2023),
('PD0000000007', 'SPL0000000004', '8GB(1x8GB) DDR4', '512GB SSD', '4.6GHz', '1.3GHz', 'Windows 11', 2022),
('PD0000000008', 'SPL0000000004', '8GB(1x8GB) DDR4', '512GB SSD', '5.4GHz', '1238MHz', 'Windows 11', 2022),
('PD0000000009', 'SPL0000000004', '8GB(2x4GB) DDR4', '512GB SSD', '4.6GHz', '1.3GHz', 'Windows 11', 2022),
('PD0000000010', 'SPL0000000005', '8GB(2x4GB) DDR4', '1TB HDD', '5.4GHz', '2000MHz', 'Windows 10', 2021),
('PD0000000011', 'SPL0000000005', '16GB(1x16GB) DDR5', '512GB SSD', '5.4GHz', '1665MHz', 'Windows 11', 2022),
('PD0000000012', 'SPL0000000005', '16GB(1x16GB) DDR5', '512GB SSD', '5.4GHz', '1185MHz', 'Windows 11', 2022),
('PD0000000013', 'SPL0000000005', '16GB(2x8GB) DDR4', '512GB SSD', '5.4GHz', '1238MHz', 'Windows 11', 2022),
('PD0000000014', 'SPL0000000006', '8GB(2x4GB) DDR4', '512GB SSD', '4.6GHz', '1365MHz', 'Windows 11', 2022),
('PD0000000015', 'SPL0000000006', '8GB(1x8GB) DDR4', '1TB HDD', '4.6GHz', '1600MHz', 'Windows 10', 2021),
('PD0000000016', 'SPL0000000006', '16GB(1x16GB) DDR5', '512GB SSD', '4.6GHz', '1238MHz', 'Windows 11', 2022),
('PD0000000017', 'SPL0000000006', '16GB(1x16GB) DDR5', '512GB SSD', '5.0GHz', '3.6GHz', 'Windows 11', 2022),
('PD0000000018', 'SPL0000000007', '8GB(2x4GB) DDR4', '512GB SSD', '4.6GHz', '2000MHz', 'Windows 11', 2022),
('PD0000000019', 'SPL0000000007', '16GB(2x8GB) DDR4', '1TB HDD', '4.6GHz', '1238GHz', 'Windows 10', 2021),
('PD0000000020', 'SPL0000000007', '8GB(2x4GB) DDR4', '512GB SSD', '4.6GHz', 'rtx4060', 'Windows 11', 2022),
('PD0000000021', 'SPL0000000007', '8GB(2x4GB) DDR4', '1TB HDD', '4.6GHz', '1238GHz', 'Windows 10', 2021),
('PD0000000022', 'SPL0000000008', '8GB(1x8GB) DDR4', '512GB SSD', '3.2GHz', '1238MHz', 'MacOS 11', 2021),
('PD0000000023', 'SPL0000000008', '8GB(2x4GB) DDR4', '256GB SSD', '3.5GHz', '1365MHz', 'MacOS 11', 2022),
('PD0000000024', 'SPL0000000008', '8GB(1x8GB) DDR4', '256GB SSD', '3.5GHz', '1600MHz', 'MacOS 11', 2022),
('PD0000000025', 'SPL0000000008', '16GB(1x16GB) DDR5', '512GB SSD', '3.5GHz', '1365MHz', 'MacOS 11', 2022),
('PD6093130309', 'SPL0753897212', null, null, null, '2520MHz', null, 2023);

INSERT INTO warranty (warrantyID, productID, billID, customerID, purchaseDate, endDate, warrantyTime)
VALUES
('WRT0000000031', 'PD0000000025', 'BL0000000021', 'CTM0000000001', '12/01/2024', '12/01/2025', 12),
('WRT0000000032', 'PD0000000024', 'BL0000000021', 'CTM0000000001', '12/01/2024', '12/01/2025', 12),
('WRT0000000116', 'PD0000000024', 'BL0000000064', 'CTM0000000049', '14/01/2024', '14/01/2025', 12),
('WRT0000000324', 'PD0000000025', 'BL0000000064', 'CTM0000000049', '14/01/2024', '14/01/2025', 12),
('WRT0000000051', 'PD0000000025', 'BL0000000349', 'CTM0000000049', '23/01/2024', '23/01/2025', 12),
('WRT0000000468', 'PD0000000024', 'BL0000000991', 'CTM0000000049', '23/01/2024', '23/01/2025', 12),
('WRT0000000045', 'PD0000000024', 'BL0000000548', 'CTM0000000049', '23/01/2024', '23/01/2025', 12),
('WRT5293874438', 'PD0000000018', 'BL3734036003', 'CTM0000000001', '24/01/2024', '24/01/2025', 12),
('WRT6398875959', 'PD0000000014', 'BL3958095271', 'CTM0000000001', '24/01/2024', '24/01/2025', 12);

INSERT INTO account (username, password, customerID)
VALUES
('admin123', '123', null),
('hai1205', '1205', 'CTM0000000001'),
('ha1301', '1301', 'CTM0000000002'),
('nam123', '123', 'CTM0000000003'),
('canh2411', '2411', 'CTM0000000004'),
('bao1234', '1234', 'CTM0000000005'),
('van1234', '1234', 'CTM0000000006'),
('vu2110', '2110', 'CTM0000000007'),
('dung1234', '1234', 'CTM0000000008'),
('cuong123', '123', 'CTM0000000009'),
('chi123', '123', 'CTM0000000010'),
('vinh123', '123', 'CTM0000000011'),
('zzkiiuuzz', '123', 'CTM0000000049'),
('panda', '1205', 'CTM1967141138');